{"xy_sens": 8.2, "targeting_sens": 13.7, "xy_scale": 1.2195121951219514, "targeting_scale": 8.901548869503294}